book_id,goodreads_book_id,best_book_id,work_id,books_count,isbn,isbn13,authors,original_publication_year,original_title,title,language_code,average_rating,ratings_count,work_ratings_count,work_text_reviews_count,ratings_1,ratings_2,ratings_3,ratings_4,ratings_5,image_url,small_image_url
3628,24812,24812,25599,14,740748475,9.78E+12,Bill Watterson,2005,The Complete Calvin and Hobbes,The Complete Calvin and Hobbes,eng,4.82,28900,29968,861,120,154,693,3117,25884,https://images.gr-assets.com/books/1473064526m/24812.jpg,https://images.gr-assets.com/books/1473064526s/24812.jpg
862,17332218,17332218,16482835,34,765326361,9.78E+12,Brandon Sanderson,2014,Words of Radiance,"Words of Radiance (The Stormlight Archive, #2)",eng,4.77,73572,108176,7261,154,404,2653,18272,86693,https://images.gr-assets.com/books/1391535251m/17332218.jpg,https://images.gr-assets.com/books/1391535251s/17332218.jpg
3275,8,8,21457576,11,439682584,9.78E+12,"J.K. Rowling, Mary GrandPrÃ©",2003,,"Harry Potter Boxed Set, Books 1-5 (Harry Potter, #1-5)",eng,4.77,33220,33424,156,317,233,978,3686,28210,https://s.gr-assets.com/assets/nophoto/book/111x148-bcc042a9c91a29c1d680899eff700a03.png,https://s.gr-assets.com/assets/nophoto/book/50x75-a91bf249278a81aabab721ef782c4a74.png
4483,24814,24814,25601,21,836221362,9.78E+12,Bill Watterson,1996,It's a Magical World: A Calvin and Hobbes Collection,It's a Magical World: A Calvin and Hobbes Collection,eng,4.75,22351,23429,264,36,57,850,3737,18749,https://images.gr-assets.com/books/1437420710m/24814.jpg,https://images.gr-assets.com/books/1437420710s/24814.jpg
422,862041,862041,2962492,76,545044251,9.78E+12,J.K. Rowling,1998,Complete Harry Potter Boxed Set,"Harry Potter Boxset (Harry Potter, #1-7)",eng,4.74,190050,204125,6508,1105,1285,7020,30666,164049,https://images.gr-assets.com/books/1392579059m/862041.jpg,https://images.gr-assets.com/books/1392579059s/862041.jpg
6361,70489,70489,170846,22,836213122,9.78E+12,Bill Watterson,1996,There's Treasure Everywhere: A Calvin and Hobbes Collection,There's Treasure Everywhere: A Calvin and Hobbes Collection,eng,4.74,16766,17285,149,22,69,680,2822,13692,https://s.gr-assets.com/assets/nophoto/book/111x148-bcc042a9c91a29c1d680899eff700a03.png,https://s.gr-assets.com/assets/nophoto/book/50x75-a91bf249278a81aabab721ef782c4a74.png
3753,10,10,21457570,6,439827604,9.78E+12,J.K. Rowling,2005,"Harry Potter Collection (Harry Potter, #1-6)","Harry Potter Collection (Harry Potter, #1-6)",eng,4.73,24618,26274,882,203,186,946,3891,21048,https://images.gr-assets.com/books/1328867351m/10.jpg,https://images.gr-assets.com/books/1328867351s/10.jpg
6590,59715,59715,1010526,21,751507954,9.78E+12,Bill Watterson,1990,The Authoritative Calvin and Hobbes,The Authoritative Calvin and Hobbes: A Calvin and Hobbes Treasury,eng,4.73,16087,18198,425,20,61,701,3295,14121,https://images.gr-assets.com/books/1391114055m/59715.jpg,https://images.gr-assets.com/books/1391114055s/59715.jpg
6920,24815,24815,25602,19,751500283,9.78E+12,Bill Watterson,1992,The Indispensable Calvin and Hobbes: A Calvin and Hobbes Treasury,The Indispensable Calvin and Hobbes,eng,4.73,14597,16911,325,19,62,666,2969,13195,https://s.gr-assets.com/assets/nophoto/book/111x148-bcc042a9c91a29c1d680899eff700a03.png,https://s.gr-assets.com/assets/nophoto/book/50x75-a91bf249278a81aabab721ef782c4a74.png
1308,17927395,17927395,25126749,39,,,Sarah J. Maas,2016,A Court of Mist and Fury,"A Court of Mist and Fury (A Court of Thorns and Roses, #2)",eng,4.72,108384,126491,22700,931,1420,4725,18000,101415,https://images.gr-assets.com/books/1485259138m/17927395.jpg,https://images.gr-assets.com/books/1485259138s/17927395.jpg
7254,24816,24816,2369970,23,836217691,9.78E+12,Bill Watterson,1994,Homicidal Psycho Jungle Cat: A Calvin and Hobbes Collection,Homicidal Psycho Jungle Cat: A Calvin and Hobbes Collection,eng,4.71,14113,15729,289,13,53,696,2900,12067,https://images.gr-assets.com/books/1448818381m/24816.jpg,https://images.gr-assets.com/books/1448818381s/24816.jpg
8978,121792,121792,1429035,20,1417642122,9.78E+12,Bill Watterson,1991,The Revenge of the Baby-Sat: A Calvin and Hobbes Collection,The Revenge of the Baby-Sat,,4.71,11503,12946,206,12,40,570,2428,9896,https://images.gr-assets.com/books/1384734025m/121792.jpg,https://images.gr-assets.com/books/1384734025s/121792.jpg
5207,24818,24818,946589,28,836217357,9.78E+12,Bill Watterson,1993,The Days Are Just Packed: A Calvin and Hobbes Collection,The Days Are Just Packed: A Calvin and Hobbes Collection,en-US,4.68,19143,20374,228,114,149,942,3636,15533,https://images.gr-assets.com/books/1418211162m/24818.jpg,https://images.gr-assets.com/books/1418211162s/24818.jpg
5919,265205,265205,19119097,183,310919797,9.78E+12,"Anonymous, Ronald A. Beers, Ronald A. Beers",1992,,Life Application Study Bible: NIV,eng,4.67,13614,14774,270,239,207,670,1992,11666,https://s.gr-assets.com/assets/nophoto/book/111x148-bcc042a9c91a29c1d680899eff700a03.png,https://s.gr-assets.com/assets/nophoto/book/50x75-a91bf249278a81aabab721ef782c4a74.png
2101,99298,99298,5994366,17,439249546,9.78E+12,"J.K. Rowling, Mary GrandPrÃ©",1999,Harry Potter Boxed Set Books 1-4,"The Harry Potter Collection 1-4 (Harry Potter, #1-4)",eng,4.66,43929,44842,265,307,424,2346,8186,33579,https://s.gr-assets.com/assets/nophoto/book/111x148-bcc042a9c91a29c1d680899eff700a03.png,https://s.gr-assets.com/assets/nophoto/book/50x75-a91bf249278a81aabab721ef782c4a74.png
4778,5883777,5883777,21899016,627,,,Anonymous,2001,Holy Bible English Standard Version,The Holy Bible: English Standard Version,eng,4.66,17863,23236,591,652,431,1082,1909,19162,https://images.gr-assets.com/books/1328227151m/5883777.jpg,https://images.gr-assets.com/books/1328227151s/5883777.jpg
5580,24494,24494,25344,15,836218523,9.78E+12,Bill Watterson,1989,The Calvin and Hobbes Lazy Sunday Book,The Calvin and Hobbes Lazy Sunday Book,eng,4.66,18641,18840,187,60,157,1075,3478,14070,https://s.gr-assets.com/assets/nophoto/book/111x148-bcc042a9c91a29c1d680899eff700a03.png,https://s.gr-assets.com/assets/nophoto/book/50x75-a91bf249278a81aabab721ef782c4a74.png
1010,43070,43070,2244438,26,836218051,9.78E+12,Bill Watterson,1988,The Essential Calvin and Hobbes: A Calvin and Hobbes Treasury,The Essential Calvin and Hobbes: A Calvin and Hobbes Treasury,en-US,4.65,93001,95543,598,717,895,5387,17566,70978,https://s.gr-assets.com/assets/nophoto/book/111x148-bcc042a9c91a29c1d680899eff700a03.png,https://s.gr-assets.com/assets/nophoto/book/50x75-a91bf249278a81aabab721ef782c4a74.png
5344,18337259,18337259,40783698,6,,9.78E+12,"Daniel Abraham, George R.R. Martin, Tommy Patterson",2011,A Song of Ice and Fire Graphic Novels,"A Game of Thrones: Comic Book, Issue 1",eng,4.65,18667,20181,188,154,190,879,4215,14743,https://images.gr-assets.com/books/1376738412m/18337259.jpg,https://images.gr-assets.com/books/1376738412s/18337259.jpg
8109,23753,23753,1789924,5,1401210821,9.78E+12,"Neil Gaiman, Mike Dringenberg, Chris Bachalo, Michael Zulli, Kelly Jones, Charles Vess, Colleen Doran, Malcolm Jones III, Steve Parkhouse, Daniel Vozzo, Lee Loughridge, Steve Oliff, Todd Klein, Dave McKean, Sam Kieth",2006,"The Absolute Sandman, Volume One","The Absolute Sandman, Volume One",eng,4.65,13401,13726,476,72,128,684,2744,10098,https://images.gr-assets.com/books/1312226853m/23753.jpg,https://images.gr-assets.com/books/1312226853s/23753.jpg
562,7235533,7235533,8134945,48,765326353,9.78E+12,Brandon Sanderson,2010,The Way of Kings,"The Way of Kings (The Stormlight Archive, #1)",eng,4.64,144822,164477,10947,1085,1827,7661,33962,119942,https://images.gr-assets.com/books/1388184640m/7235533.jpg,https://images.gr-assets.com/books/1388184640s/7235533.jpg
1788,24813,24813,692719,17,836204387,9.78E+12,Bill Watterson,1995,The Calvin and Hobbes Tenth Anniversary Book,The Calvin and Hobbes Tenth Anniversary Book,eng,4.63,48280,48829,346,346,608,3077,8752,36046,https://s.gr-assets.com/assets/nophoto/book/111x148-bcc042a9c91a29c1d680899eff700a03.png,https://s.gr-assets.com/assets/nophoto/book/50x75-a91bf249278a81aabab721ef782c4a74.png
2149,9814682,9814682,21619517,15,345529057,9.78E+12,George R.R. Martin,2011,,"A Song of Ice and Fire (A Song of Ice and Fire, #1-4)",en-US,4.63,28654,39174,963,219,431,1953,8453,28118,https://images.gr-assets.com/books/1328046798m/9814682.jpg,https://images.gr-assets.com/books/1328046798s/9814682.jpg
2527,12177850,12177850,21619530,31,1780484259,9.78E+12,George R.R. Martin,2000,A Song of Ice and Fire,"A Song of Ice and Fire (A Song of Ice and Fire, #1-5)",eng,4.63,20567,37017,1406,186,357,1851,8085,26538,https://images.gr-assets.com/books/1339340118m/12177850.jpg,https://images.gr-assets.com/books/1339340118s/12177850.jpg
4868,481749,481749,321161,115,875793266,9.78E+12,James E. Talmage,1915,Jesus the Christ: A Study of the Messiah and His Mission according to Holy Scriptures both Ancient and Modern,Jesus the Christ,,4.63,17179,18710,1066,354,241,926,2909,14280,https://s.gr-assets.com/assets/nophoto/book/111x148-bcc042a9c91a29c1d680899eff700a03.png,https://s.gr-assets.com/assets/nophoto/book/50x75-a91bf249278a81aabab721ef782c4a74.png
3241,22299763,22299763,42090179,29,,,Leigh Bardugo,2016,Crooked Kingdom,"Crooked Kingdom (Six of Crows, #2)",eng,4.62,44289,54160,10047,158,392,2732,13092,37786,https://images.gr-assets.com/books/1456172607m/22299763.jpg,https://images.gr-assets.com/books/1456172607s/22299763.jpg
9569,32075671,32075671,49638190,36,62498533,9.78E+12,Angie Thomas,2017,The Hate U Give,The Hate U Give,eng,4.62,32610,38333,9038,208,321,1814,9207,26783,https://images.gr-assets.com/books/1476284759m/32075671.jpg,https://images.gr-assets.com/books/1476284759s/32075671.jpg
25,136251,136251,2963218,263,545010225,9.78E+12,"J.K. Rowling, Mary GrandPrÃ©",2007,Harry Potter and the Deathly Hallows,"Harry Potter and the Deathly Hallows (Harry Potter, #7)",eng,4.61,1746574,1847395,51942,9363,22245,113646,383914,1318227,https://images.gr-assets.com/books/1474171184m/136251.jpg,https://images.gr-assets.com/books/1474171184s/136251.jpg
780,77727,77727,2110010,24,836220889,9.78E+12,"Bill Watterson, G.B. Trudeau",1987,Calvin and Hobbes,Calvin and Hobbes,en-US,4.61,117788,118294,684,980,1435,7684,22365,85830,https://s.gr-assets.com/assets/nophoto/book/111x148-bcc042a9c91a29c1d680899eff700a03.png,https://s.gr-assets.com/assets/nophoto/book/50x75-a91bf249278a81aabab721ef782c4a74.png
2236,280111,280111,19119100,1101,310902711,9.78E+12,Anonymous,1909,Holy Bible: New International Version,Holy Bible: New International Version,eng,4.61,40430,45994,1804,1637,1131,2091,3664,37471,https://images.gr-assets.com/books/1382581321m/280111.jpg,https://images.gr-assets.com/books/1382581321s/280111.jpg
3054,2223324,2223324,498223,11,075791084X,9.78E+12,John   Williams,2003,Harry Potter and the Chamber of Secrets: Sheet Music for Flute with C.D,Harry Potter and the Chamber of Secrets: Sheet Music for Flute with C.D,,4.61,29409,29421,31,345,310,1940,5396,21430,https://s.gr-assets.com/assets/nophoto/book/111x148-bcc042a9c91a29c1d680899eff700a03.png,https://s.gr-assets.com/assets/nophoto/book/50x75-a91bf249278a81aabab721ef782c4a74.png
3095,6339989,6339989,10954714,8,1595142711,9.78E+12,Richelle Mead,2009,Vampire Academy Collection,"Vampire Academy Collection (Vampire Academy, #1-3)",,4.61,30166,30509,182,285,426,2082,5168,22548,https://s.gr-assets.com/assets/nophoto/book/111x148-bcc042a9c91a29c1d680899eff700a03.png,https://s.gr-assets.com/assets/nophoto/book/50x75-a91bf249278a81aabab721ef782c4a74.png
6902,596259,596259,582938,12,609807250,9.78E+12,Gordon B. Hinckley,2000,Standing for Something: 10 Neglected Virtues That Will Heal Our Hearts and Homes,Standing for Something: 10 Neglected Virtues That Will Heal Our Hearts and Homes,,4.61,12708,13279,683,126,165,786,2622,9580,https://s.gr-assets.com/assets/nophoto/book/111x148-bcc042a9c91a29c1d680899eff700a03.png,https://s.gr-assets.com/assets/nophoto/book/50x75-a91bf249278a81aabab721ef782c4a74.png
7883,47697,47697,534309,4,811835928,9.78E+12,"Alisa Kwitney, Neil Gaiman",2003,The Sandman: King of Dreams,The Sandman: King of Dreams,eng,4.61,11538,11541,30,75,142,724,2342,8258,https://s.gr-assets.com/assets/nophoto/book/111x148-bcc042a9c91a29c1d680899eff700a03.png,https://s.gr-assets.com/assets/nophoto/book/50x75-a91bf249278a81aabab721ef782c4a74.png
1264,18006496,18006496,25272067,36,1619636042,9.78E+12,Sarah J. Maas,2015,Queen of Shadows,"Queen of Shadows (Throne of Glass, #4)",eng,4.6,99067,114854,14430,830,1492,6544,24703,81285,https://images.gr-assets.com/books/1441230104m/18006496.jpg,https://images.gr-assets.com/books/1441230104s/18006496.jpg
1618,95617,95617,883913,36,842377506,9.78E+12,"Francine Rivers, Richard Ferrone",1993,A Voice in the Wind,"A Voice in the Wind (Mark of the Lion, #1)",en-US,4.6,55556,56920,2647,680,903,3382,10680,41275,https://images.gr-assets.com/books/1459567327m/95617.jpg,https://images.gr-assets.com/books/1459567327s/95617.jpg
2940,46601,46601,522675,27,842313079,9.78E+12,Francine Rivers,1994,"An Echo in the Darkness (Mark of the Lion, #2)","An Echo in the Darkness (Mark of the Lion, #2)",en-US,4.6,32386,33451,1311,130,359,2138,7372,23452,https://images.gr-assets.com/books/1481920193m/46601.jpg,https://images.gr-assets.com/books/1481920193s/46601.jpg
7945,7025086,7025086,7272274,3,785135820,9.78E+12,"Christopher Yost, Pasqual Ferry, Orson Scott Card",2010,,"Ender's Game, Volume 2: Command School",en-US,4.6,11585,11653,50,76,123,791,2419,8244,https://s.gr-assets.com/assets/nophoto/book/111x148-bcc042a9c91a29c1d680899eff700a03.png,https://s.gr-assets.com/assets/nophoto/book/50x75-a91bf249278a81aabab721ef782c4a74.png
460,18335634,18335634,6309710,79,1406321346,9.78E+12,Cassandra Clare,2013,Clockwork Princess,"Clockwork Princess (The Infernal Devices, #3)",eng,4.59,162099,247984,23261,1935,3804,16964,49313,175968,https://images.gr-assets.com/books/1436788488m/18335634.jpg,https://images.gr-assets.com/books/1436788488s/18335634.jpg
964,30,30,89369,74,345538374,9.78E+12,J.R.R. Tolkien,1973,The Hobbit and The Lord of the Rings,J.R.R. Tolkien 4-Book Boxed Set: The Hobbit and The Lord of the Rings,eng,4.59,90907,94348,1565,826,1281,5819,19982,66440,https://images.gr-assets.com/books/1346072396m/30.jpg,https://images.gr-assets.com/books/1346072396s/30.jpg
3215,2299110,2299110,3202442,31,312362153,9.78E+12,Sherrilyn Kenyon,2008,"Acheron (Dark-Hunter, #15) - Part 1",Acheron (Dark-Hunter #14),en-US,4.59,44623,47736,3240,441,840,3238,8823,34394,https://images.gr-assets.com/books/1437687512m/2299110.jpg,https://images.gr-assets.com/books/1437687512s/2299110.jpg
3230,119,119,4479,7,618212906,9.78E+12,Gary Russell,2002,The Lord of the Rings: The Art of The Fellowship of the Ring,The Lord of the Rings: The Art of The Fellowship of the Ring,en-US,4.59,24340,24412,67,211,220,1751,5011,17219,https://s.gr-assets.com/assets/nophoto/book/111x148-bcc042a9c91a29c1d680899eff700a03.png,https://s.gr-assets.com/assets/nophoto/book/50x75-a91bf249278a81aabab721ef782c4a74.png
3395,71252,71252,2647,29,1563892049,9.78E+12,"Neil Gaiman, Marc Hempel, Richard Case, D'Israeli, Teddy Kristiansen, Glyn Dillon, Charles Vess, Dean Ormston, Kevin Nowlan, Todd Klein, Frank McConnell",1996,The Sandman: The Kindly Ones,The Kindly Ones (The Sandman #9),eng,4.59,32544,35998,926,83,291,2165,9153,24306,https://images.gr-assets.com/books/1339922887m/71252.jpg,https://images.gr-assets.com/books/1339922887s/71252.jpg
4410,349254,349254,17150,10,618390979,9.78E+12,Jude Fisher,,,The Lord of the Rings: The Return of the King: Visual Companion,eng,4.59,17526,17641,28,157,202,1259,3458,12565,https://s.gr-assets.com/assets/nophoto/book/111x148-bcc042a9c91a29c1d680899eff700a03.png,https://s.gr-assets.com/assets/nophoto/book/50x75-a91bf249278a81aabab721ef782c4a74.png
4708,9832370,9832370,27881851,1,,,BookRags,,,BookRags Summary:  A Storm of Swords,eng,4.59,18960,18960,92,278,151,877,4460,13194,https://images.gr-assets.com/books/1369340463m/9832370.jpg,https://images.gr-assets.com/books/1369340463s/9832370.jpg
6977,11106458,11106458,16028692,3,1442440430,9.78E+12,Cassandra Clare,2011,The Mortal Instrument Series: City of Bones / City of Ashes / City of Glass / City of Fallen Angels,The Mortal Instruments (The Mortal Instruments #1-4),eng,4.59,13996,14474,376,142,221,940,2851,10320,https://images.gr-assets.com/books/1313073526m/11106458.jpg,https://images.gr-assets.com/books/1313073526s/11106458.jpg
9190,14367051,14367051,20009001,5,1442472057,9.78E+12,Cassandra Clare,2012,,"City of Bones / City of Ashes / City of Glass / City of Fallen Angels / City of Lost Souls (The Mortal Instruments, #1-5)",,4.59,10426,11483,264,114,147,826,2137,8259,https://images.gr-assets.com/books/1344663518m/14367051.jpg,https://images.gr-assets.com/books/1344663518s/14367051.jpg
2167,28260587,28260587,25272004,26,1619636077,9.78E+12,Sarah J. Maas,2016,Empire of Storms,"Empire of Storms (Throne of Glass, #5)",eng,4.58,63322,74241,11495,717,1192,4416,15635,52281,https://images.gr-assets.com/books/1463107108m/28260587.jpg,https://images.gr-assets.com/books/1463107108s/28260587.jpg
3220,3165162,3165162,3197005,5,1423113497,9.78E+12,Rick Riordan,2008,Percy Jackson and the Olympians Boxed Set,"Percy Jackson and the Olympians (Percy Jackson and the Olympians, #1-3)",eng,4.58,32496,33031,509,286,418,2411,6699,23217,https://s.gr-assets.com/assets/nophoto/book/111x148-bcc042a9c91a29c1d680899eff700a03.png,https://s.gr-assets.com/assets/nophoto/book/50x75-a91bf249278a81aabab721ef782c4a74.png
3491,20342617,20342617,28323940,18,812994523,9.78E+12,Bryan Stevenson,2014,Just Mercy: A Story of Justice and Redemption,Just Mercy: A Story of Justice and Redemption,eng,4.58,27173,32008,5356,223,371,1791,7720,21903,https://images.gr-assets.com/books/1420795201m/20342617.jpg,https://images.gr-assets.com/books/1420795201s/20342617.jpg
5754,17961,17961,835372,18,140286802,9.78E+12,"Jorge Luis Borges, Andrew Hurley",1998,Cuentos completos,Collected Fictions,eng,4.58,16474,16747,720,101,216,1050,3853,11527,https://s.gr-assets.com/assets/nophoto/book/111x148-bcc042a9c91a29c1d680899eff700a03.png,https://s.gr-assets.com/assets/nophoto/book/50x75-a91bf249278a81aabab721ef782c4a74.png
8187,4808763,4808763,4873881,12,1884214495,9.78E+12,"Isaac Asimov, Bob E. Flick, Jim Gallant",1956,The Last Question (When the World Ends),The Last Question,eng,4.58,11762,12651,760,50,146,819,3039,8597,https://images.gr-assets.com/books/1274107046m/4808763.jpg,https://images.gr-assets.com/books/1274107046s/4808763.jpg
8569,15767586,15767586,21473047,17,1250029880,9.78E+12,Sherrilyn Kenyon,2013,Styxx,"Styxx (Dark-Hunter, #22)",eng,4.58,14344,16857,2217,243,318,1024,3075,12197,https://images.gr-assets.com/books/1359269406m/15767586.jpg,https://images.gr-assets.com/books/1359269406s/15767586.jpg
307,1215032,1215032,2502882,102,756404738,9.78E+12,Patrick Rothfuss,2011,The Wise Man's Fear,"The Wise Man's Fear (The Kingkiller Chronicle, #2)",eng,4.57,245686,282349,15503,1486,4018,17932,66415,192498,https://images.gr-assets.com/books/1452624392m/1215032.jpg,https://images.gr-assets.com/books/1452624392s/1215032.jpg
1754,6485421,6485421,6676773,14,1416997857,9.78E+12,Cassandra Clare,2009,The Mortal Instruments Boxed Set: City of Bones; City of Ashes; City of Glass,"The Mortal Instruments Boxed Set: City of Bones; City of Ashes; City of Glass (The Mortal Instruments, #1-3)",eng,4.57,55518,57313,981,633,1054,4101,10768,40757,https://images.gr-assets.com/books/1312016549m/6485421.jpg,https://images.gr-assets.com/books/1312016549s/6485421.jpg
2244,17131869,17131869,23857485,24,1607066920,9.78E+12,"Brian K. Vaughan, Fiona Staples",2013,"Saga, Volume Two","Saga, Vol. 2 (Saga, #2)",eng,4.57,56122,58127,4594,142,374,3059,17397,37155,https://images.gr-assets.com/books/1486028954m/17131869.jpg,https://images.gr-assets.com/books/1486028954s/17131869.jpg
3030,8718952,8718952,21984483,1,1595144331,9.78E+12,Richelle Mead,2010,,"Vampire Academy Box Set (Vampire Academy, #1-4)",en-US,4.57,33015,33016,110,572,646,2343,5285,24170,https://images.gr-assets.com/books/1281267849m/8718952.jpg,https://images.gr-assets.com/books/1281267849s/8718952.jpg
3266,4634266,4634266,4684374,14,,9.78E+12,Masashi Kishimoto,2008,NARUTO -ãƒŠãƒ«ãƒˆ- å·»ãƒŽå››åä¸‰ ,NARUTO -ãƒŠãƒ«ãƒˆ- å·»ãƒŽå››åä¸‰,jpn,4.57,26364,26971,147,259,480,2170,4863,19199,https://s.gr-assets.com/assets/nophoto/book/111x148-bcc042a9c91a29c1d680899eff700a03.png,https://s.gr-assets.com/assets/nophoto/book/50x75-a91bf249278a81aabab721ef782c4a74.png
4911,6443349,6443349,40697560,23,1423119509,9.78E+12,"Rick Riordan, Tk",2009,Percy Jackson and the Olympians,"Percy Jackson and the Olympians Boxed Set (Percy Jackson and the Olympians, #1-5)",,4.57,19555,22766,850,173,279,1678,4957,15679,https://s.gr-assets.com/assets/nophoto/book/111x148-bcc042a9c91a29c1d680899eff700a03.png,https://s.gr-assets.com/assets/nophoto/book/50x75-a91bf249278a81aabab721ef782c4a74.png
6089,545425,545425,532703,88,9953320993,,Safiy al-Rahman al-Mubarakfuri,1979, Ø§Ù„Ø±Ø­ÙŠÙ‚ Ø§Ù„Ù…Ø®ØªÙˆÙ…: Ø¨Ø­Ø« ÙÙŠ Ø§Ù„Ø³ÙŠØ±Ø© Ø§Ù„Ù†Ø¨ÙˆÙŠØ© Ø¹Ù„Ù‰ ØµØ§Ø­Ø¨Ù‡Ø§ Ø£ÙØ¶Ù„ Ø§Ù„ØµÙ„Ø§Ø© ÙˆØ§Ù„Ø³Ù„Ø§Ù… ,Ø§Ù„Ø±Ø­ÙŠÙ‚ Ø§Ù„Ù…Ø®ØªÙˆÙ…,ara,4.57,10558,13177,1141,145,205,919,2664,9244,https://images.gr-assets.com/books/1289025514m/545425.jpg,https://images.gr-assets.com/books/1289025514s/545425.jpg
9712,17333174,17333174,24064358,14,425270696,9.78E+12,Ilona Andrews,2016,Magic Binds,"Magic Binds (Kate Daniels, #9)",eng,4.57,10983,14525,1656,28,66,894,4089,9448,https://images.gr-assets.com/books/1454609590m/17333174.jpg,https://images.gr-assets.com/books/1454609590s/17333174.jpg
1496,147915,147915,6571827,49,7119550,9.78E+12,George R.R. Martin,2000,A Storm of Swords: Part 2 Blood and Gold,"A Storm of Swords: Blood and Gold (A Song of Ice and Fire, #3: Part 2 of 2)",eng,4.56,54977,64173,1959,275,572,4041,17151,42134,https://images.gr-assets.com/books/1354567206m/147915.jpg,https://images.gr-assets.com/books/1354567206s/147915.jpg
2767,19358975,19358975,27422060,22,1607069318,9.78E+12,"Brian K. Vaughan, Fiona Staples",2014,"Saga, Volume Three","Saga, Vol. 3 (Saga, #3)",eng,4.56,47549,49016,3506,145,358,2805,14440,31268,https://images.gr-assets.com/books/1486028973m/19358975.jpg,https://images.gr-assets.com/books/1486028973s/19358975.jpg
3736,10785687,10785687,15697851,8,62101897,9.78E+12,Bob McCabe,2011,Harry Potter Page to Screen: The Complete Filmmaking Journey,Harry Potter Page to Screen: The Complete Filmmaking Journey,,4.56,27361,27610,369,477,480,2151,4630,19872,https://images.gr-assets.com/books/1317345385m/10785687.jpg,https://images.gr-assets.com/books/1317345385s/10785687.jpg
4373,17880714,30166123,25040772,20,,,K. Bromberg,2014,Crashed,"Crashed (Driven, #3)",eng,4.56,32520,35153,3237,203,533,2514,7993,23910,https://images.gr-assets.com/books/1391008361m/17880714.jpg,https://images.gr-assets.com/books/1391008361s/17880714.jpg
6141,1317181,1317181,19079807,8,185549664X,9.78E+12,J.K. Rowling,2003,,"Harry Potter and the Order of the Phoenix (Harry Potter, #5, Part 1)",,4.56,16249,16350,272,114,199,1182,3744,11111,https://s.gr-assets.com/assets/nophoto/book/111x148-bcc042a9c91a29c1d680899eff700a03.png,https://s.gr-assets.com/assets/nophoto/book/50x75-a91bf249278a81aabab721ef782c4a74.png
6214,15743078,15743078,21431022,8,62240080,9.78E+12,Veronica Roth,2012,,"The Divergent Series 2-Book Collection (Divergent, #1-2)",eng,4.56,12490,14038,255,158,254,1059,2666,9901,https://images.gr-assets.com/books/1341816250m/15743078.jpg,https://images.gr-assets.com/books/1341816250s/15743078.jpg
9470,29236299,29236299,44560442,21,553499165,9.78E+12,"Amie Kaufman, Jay Kristoff, Marie Lu",2016,Gemina,"Gemina (The Illuminae Files, #2)",eng,4.56,10960,17426,4612,92,169,972,4803,11390,https://images.gr-assets.com/books/1480097137m/29236299.jpg,https://images.gr-assets.com/books/1480097137s/29236299.jpg
192,186074,186074,2502879,123,075640407X,9.78E+12,Patrick Rothfuss,2007,The Name of the Wind,"The Name of the Wind (The Kingkiller Chronicle, #1)",eng,4.55,400101,449372,28631,5605,8582,28480,95470,311235,https://images.gr-assets.com/books/1472068073m/186074.jpg,https://images.gr-assets.com/books/1472068073s/186074.jpg
2081,19486421,19486421,23811929,20,451464397,9.78E+12,Jim Butcher,2014,Skin Game,"Skin Game (The Dresden Files, #15)",eng,4.55,41512,52034,3945,91,290,3035,15853,32765,https://images.gr-assets.com/books/1387236318m/19486421.jpg,https://images.gr-assets.com/books/1387236318s/19486421.jpg
2889,6604209,6604209,6798109,15,076536543X,9.78E+12,Brandon Sanderson,2009,Mistborn Trilogy Boxed Set,"Mistborn Trilogy Boxed Set (Mistborn, #1-3)",en-US,4.55,22917,32376,982,130,425,2185,8517,21119,https://images.gr-assets.com/books/1257442247m/6604209.jpg,https://images.gr-assets.com/books/1257442247s/6604209.jpg
3082,25105,25105,40666827,29,1563891379,9.78E+12,"Neil Gaiman, Jill Thompson, Vince Locke, Peter Straub",1994,The Sandman: Brief Lives,Brief Lives (The Sandman #7),eng,4.55,36487,40495,936,159,344,2757,11185,26050,https://images.gr-assets.com/books/1339922078m/25105.jpg,https://images.gr-assets.com/books/1339922078s/25105.jpg
4107,8346300,8346300,13197781,1,1608870081,9.78E+12,"Andrew Williamson, Andrew Williamson",2010,,Harry Potter: A Pop-Up Book: Based on the Film Phenomenon,,4.55,22847,22846,37,508,427,1762,3509,16640,https://images.gr-assets.com/books/1328739344m/8346300.jpg,https://images.gr-assets.com/books/1328739344s/8346300.jpg
4653,14905,14905,2494662,149,140259449,9.78E+12,Jane Austen,1813,,The Complete Novels,eng,4.55,18828,22713,588,367,427,1479,4620,15820,https://s.gr-assets.com/assets/nophoto/book/111x148-bcc042a9c91a29c1d680899eff700a03.png,https://s.gr-assets.com/assets/nophoto/book/50x75-a91bf249278a81aabab721ef782c4a74.png
8110,13184992,13184992,18365634,7,,,Kristen Ashley,2011,,"Rock Chick Regret (Rock Chick, #7)",eng,4.55,24846,25050,1343,108,244,1613,6894,16191,https://images.gr-assets.com/books/1328300035m/13184992.jpg,https://images.gr-assets.com/books/1328300035s/13184992.jpg
9360,71823,71823,9813536,26,140258612,9.78E+12,Stephen King,1996,"The Green Mile, Part 6: Coffey on the Mile","The Green Mile, Part 6: Coffey on the Mile",eng,4.55,11936,12572,180,34,124,976,3237,8201,https://s.gr-assets.com/assets/nophoto/book/111x148-bcc042a9c91a29c1d680899eff700a03.png,https://s.gr-assets.com/assets/nophoto/book/50x75-a91bf249278a81aabab721ef782c4a74.png
27,1,1,41335427,275,439785960,9.78E+12,"J.K. Rowling, Mary GrandPrÃ©",2005,Harry Potter and the Half-Blood Prince,"Harry Potter and the Half-Blood Prince (Harry Potter, #6)",eng,4.54,1678823,1785676,27520,7308,21516,136333,459028,1161491,https://images.gr-assets.com/books/1361039191m/1.jpg,https://images.gr-assets.com/books/1361039191s/1.jpg
135,62291,62291,1164465,175,055357342X,9.78E+12,George R.R. Martin,2000,A Storm of Swords,"A Storm of Swords (A Song of Ice and Fire, #3)",eng,4.54,469022,527644,19497,1456,4820,36418,149268,335682,https://images.gr-assets.com/books/1497931121m/62291.jpg,https://images.gr-assets.com/books/1497931121s/62291.jpg
267,21853621,21853621,41125521,90,312577222,9.78E+12,Kristin Hannah,2015,The Nightingale,The Nightingale,eng,4.54,253606,327015,37279,2829,4913,20612,82844,215817,https://images.gr-assets.com/books/1451446316m/21853621.jpg,https://images.gr-assets.com/books/1451446316s/21853621.jpg
684,12127810,12127810,21539506,63,1423146727,9.78E+12,Rick Riordan,2013,The House of Hades,"The House of Hades (The Heroes of Olympus, #4)",eng,4.54,159774,175407,11843,698,1916,12999,45501,114293,https://images.gr-assets.com/books/1464201430m/12127810.jpg,https://images.gr-assets.com/books/1464201430s/12127810.jpg
1602,6585201,6585201,6778696,20,045146317X,9.78E+12,Jim Butcher,2010,Changes,"Changes (The Dresden Files, #12)",eng,4.54,66402,72481,3289,179,541,4967,21320,45474,https://images.gr-assets.com/books/1304027244m/6585201.jpg,https://images.gr-assets.com/books/1304027244s/6585201.jpg
2256,381421,381421,371207,75,1591451884,9.78E+12,Sarah  Young,2004,,Jesus Calling: Enjoying Peace in His Presence,,4.54,35219,38748,984,683,781,2888,7127,27269,https://s.gr-assets.com/assets/nophoto/book/111x148-bcc042a9c91a29c1d680899eff700a03.png,https://s.gr-assets.com/assets/nophoto/book/50x75-a91bf249278a81aabab721ef782c4a74.png
2353,25101,25101,25854,35,1563890356,9.78E+12,"Neil Gaiman, Matt Wagner, George Pratt, Dick Giordano, Kelley Jones, P. Craig Russell, Mike Dringenberg, Malcolm Jones III, Todd Klein, Harlan Ellison",1990,The Sandman: Season of Mists,Season of Mists (The Sandman #4),eng,4.54,44811,50459,1261,132,367,3403,14685,31872,https://images.gr-assets.com/books/1327937313m/25101.jpg,https://images.gr-assets.com/books/1327937313s/25101.jpg
5376,89959,89959,86823,64,1557091528,9.78E+12,Founding Fathers,1787,The Constitution of the United States of America,The Constitution of the United States of America,,4.54,16863,19933,340,254,461,1756,3180,14282,https://images.gr-assets.com/books/1328756752m/89959.jpg,https://images.gr-assets.com/books/1328756752s/89959.jpg
7373,23766634,23766634,25126752,18,1408857901,9.78E+12,Sarah J. Maas,2017,A Court of Wings and Ruin,"A Court of Wings and Ruin (A Court of Thorns and Roses, #3)",eng,4.54,55037,68830,12210,463,1289,5123,15585,46370,https://images.gr-assets.com/books/1485528243m/23766634.jpg,https://images.gr-assets.com/books/1485528243s/23766634.jpg
9028,20706320,20706320,26476394,32,316406813,9.78E+12,"Chris Colfer, Brandon Dorman",2014,A Grimm Warning,"A Grimm Warning (The Land of Stories, #3)",eng,4.54,13695,15179,1232,87,182,1153,3749,10008,https://images.gr-assets.com/books/1391709728m/20706320.jpg,https://images.gr-assets.com/books/1391709728s/20706320.jpg
9319,8163161,8163161,7051029,11,1421536706,9.78E+12,Bisco Hatori,2009,æ¡œè˜­é«˜æ ¡ãƒ›ã‚¹ãƒˆéƒ¨ 15,"Ouran High School Host Club, Vol. 15 (Ouran High School Host Club, #15)",eng,4.54,10743,10823,92,75,167,947,2233,7401,https://s.gr-assets.com/assets/nophoto/book/111x148-bcc042a9c91a29c1d680899eff700a03.png,https://s.gr-assets.com/assets/nophoto/book/50x75-a91bf249278a81aabab721ef782c4a74.png
18,5,5,2402163,376,043965548X,9.78E+12,"J.K. Rowling, Mary GrandPrÃ©, Rufus Beck",1999,Harry Potter and the Prisoner of Azkaban,"Harry Potter and the Prisoner of Azkaban (Harry Potter, #3)",eng,4.53,1832823,1969375,36099,6716,20413,166129,509447,1266670,https://images.gr-assets.com/books/1499277281m/5.jpg,https://images.gr-assets.com/books/1499277281s/5.jpg
24,6,6,3046572,332,439139600,9.78E+12,"J.K. Rowling, Mary GrandPrÃ©",2000,Harry Potter and the Goblet of Fire,"Harry Potter and the Goblet of Fire (Harry Potter, #4)",eng,4.53,1753043,1868642,31084,6676,20210,151785,494926,1195045,https://images.gr-assets.com/books/1361482611m/6.jpg,https://images.gr-assets.com/books/1361482611s/6.jpg
1022,20613470,20613470,25128502,46,1619630656,9.78E+12,Sarah J. Maas,2014,Heir of Fire,"Heir of Fire (Throne of Glass, #3)",eng,4.53,123843,142858,16235,694,1923,10589,36979,92673,https://images.gr-assets.com/books/1460846511m/20613470.jpg,https://images.gr-assets.com/books/1460846511s/20613470.jpg
1380,15195,15195,1658562,80,141014083,9.78E+12,Art Spiegelman,1986,The Complete Maus,"The Complete Maus (Maus, #1-2)",en-GB,4.53,76785,84323,4733,329,981,6162,23266,53585,https://images.gr-assets.com/books/1327354180m/15195.jpg,https://images.gr-assets.com/books/1327354180s/15195.jpg
3660,25104,25104,2021847,32,1563892871,9.78E+12,"Neil Gaiman, Michael Zulli, Jon J. Muth, Charles Vess, Mikal Gilmore",1996,The Sandman: The Wake,The Wake (The Sandman #10),eng,4.53,32360,35466,849,144,361,2718,9582,22661,https://images.gr-assets.com/books/1339922545m/25104.jpg,https://images.gr-assets.com/books/1339922545s/25104.jpg
3775,5061675,5061675,21619503,10,,,George R.R. Martin,1996,A Clash of Kings,"A Game of Thrones / A Clash of Kings (A Song of Ice and Fire, #1-2)",,4.53,22259,22573,570,99,219,1585,6409,14261,https://images.gr-assets.com/books/1336020650m/5061675.jpg,https://images.gr-assets.com/books/1336020650s/5061675.jpg
4229,36,36,4414,12,618391002,9.78E+12,"Chris   Smith, Christopher Lee, Richard Taylor",,The Lord of the Rings: Weapons and Warfare,The Lord of the Rings: Weapons and Warfare,eng,4.53,18788,18911,49,297,282,1556,3743,13033,https://s.gr-assets.com/assets/nophoto/book/111x148-bcc042a9c91a29c1d680899eff700a03.png,https://s.gr-assets.com/assets/nophoto/book/50x75-a91bf249278a81aabab721ef782c4a74.png
5847,7352220,7352220,9117451,14,,9.79E+12,Yana Toboso,2007,é»’åŸ·äº‹ III [Kuroshitsuji III],"Black Butler, Vol. 3 (Black Butler, #3)",ind,4.53,16682,17648,226,139,270,1567,3850,11822,https://s.gr-assets.com/assets/nophoto/book/111x148-bcc042a9c91a29c1d680899eff700a03.png,https://s.gr-assets.com/assets/nophoto/book/50x75-a91bf249278a81aabab721ef782c4a74.png
6228,23157777,23157777,42704733,22,553392921,9.78E+12,Robin Hobb,2015,Fool's Quest,"Fool's Quest  (The Fitz and The Fool, #2)",eng,4.53,12374,17140,1252,50,159,1125,5172,10634,https://images.gr-assets.com/books/1420496252m/23157777.jpg,https://images.gr-assets.com/books/1420496252s/23157777.jpg
7593,5986375,5986375,6160130,38,316068225,9.78E+12,David Foster Wallace,2009,This is Water,"This Is Water: Some Thoughts, Delivered on a Significant Occasion, about Living a Compassionate Life",eng,4.53,13312,14858,1245,73,237,1170,3675,9703,https://images.gr-assets.com/books/1344270056m/5986375.jpg,https://images.gr-assets.com/books/1344270056s/5986375.jpg
7865,14744381,14744381,20393152,6,1607065967,9.78E+12,"Robert Kirkman, Charlie Adlard",2012,,"The Walking Dead, Compendium 2",eng,4.53,13478,13516,769,20,77,924,4201,8294,https://images.gr-assets.com/books/1344152205m/14744381.jpg,https://images.gr-assets.com/books/1344152205s/14744381.jpg
2093,7746259,7746259,10572064,11,785136223,9.78E+12,"Roberto Aguirre-Sacasa, Mike Perkins, Laura       Martin, Stephen King",2010,,The Stand: Soul Survivors,en-GB,4.52,40626,40734,77,476,659,3456,8706,27437,https://images.gr-assets.com/books/1313267746m/7746259.jpg,https://images.gr-assets.com/books/1313267746s/7746259.jpg
4550,49006,49006,1245365,46,60525851,9.78E+12,Erin Hunter,2005,,"The Darkest Hour (Warriors, #6)",eng,4.52,26949,28508,956,156,461,2642,6510,18739,https://s.gr-assets.com/assets/nophoto/book/111x148-bcc042a9c91a29c1d680899eff700a03.png,https://s.gr-assets.com/assets/nophoto/book/50x75-a91bf249278a81aabab721ef782c4a74.png
6118,12119529,12119529,17088822,12,425256227,9.78E+12,Ilona Andrews,2014,Magic Breaks,"Magic Breaks (Kate Daniels, #7)",eng,4.52,22583,27458,2303,46,188,1910,8504,16810,https://images.gr-assets.com/books/1383236969m/12119529.jpg,https://images.gr-assets.com/books/1383236969s/12119529.jpg
7364,216048,216048,209160,14,399237321,9.78E+12,Patricia Polacco,1998,"Thank You, Mr. Falker","Thank You, Mr. Falker",en-US,4.52,13049,13604,881,131,272,1209,2735,9257,https://s.gr-assets.com/assets/nophoto/book/111x148-bcc042a9c91a29c1d680899eff700a03.png,https://s.gr-assets.com/assets/nophoto/book/50x75-a91bf249278a81aabab721ef782c4a74.png
8213,181400,181400,175281,13,745917437,9.78E+12,"Angela Elwell Hunt, Tim Jonke",1989,The Tale of Three Trees: A Traditional Folktale,The Tale of Three Trees,en-US,4.52,13226,13393,340,90,186,1236,3034,8847,https://s.gr-assets.com/assets/nophoto/book/111x148-bcc042a9c91a29c1d680899eff700a03.png,https://s.gr-assets.com/assets/nophoto/book/50x75-a91bf249278a81aabab721ef782c4a74.png
8371,228199,228199,9813490,25,451190556,9.78E+12,Stephen King,1996,"The Green Mile, Part 4: The Bad Death of Eduard Delacroix","The Green Mile, Part 4: The Bad Death of Eduard Delacroix",eng,4.52,12958,13446,141,44,153,1158,3561,8530,https://s.gr-assets.com/assets/nophoto/book/111x148-bcc042a9c91a29c1d680899eff700a03.png,https://s.gr-assets.com/assets/nophoto/book/50x75-a91bf249278a81aabab721ef782c4a74.png
8976,39664,39664,24951203,37,896214400,9.78E+12,Stephen King,1982,The Shawshank Redemption,Rita Hayworth and Shawshank Redemption: A Story from Different Seasons,eng,4.52,11499,12882,788,16,115,1003,3776,7972,https://images.gr-assets.com/books/1315100686m/39664.jpg,https://images.gr-assets.com/books/1315100686s/39664.jpg
9139,5417,5417,14960,4,517219026,9.78E+12,Stephen King,1983,Three Complete Novels: Carrie/Salem's Lot/The Shining,Carrie / 'Salem's Lot / The Shining,eng,4.52,11063,11182,66,82,134,970,2715,7281,https://images.gr-assets.com/books/1376725117m/5417.jpg,https://images.gr-assets.com/books/1376725117s/5417.jpg
161,18512,18512,2964424,470,345339738,9.78E+12,J.R.R. Tolkien,1955,The Return of the King,"The Return of the King (The Lord of the Rings, #3)",en-US,4.51,463959,510537,6644,2691,8008,42693,132149,324996,https://images.gr-assets.com/books/1389977161m/18512.jpg,https://images.gr-assets.com/books/1389977161s/18512.jpg
717,11742691,11742691,16692130,11,545422906,9.78E+12,Kate Egan,2012,,The Hunger Games: Official Illustrated Movie Companion,en-US,4.51,119915,120075,384,1968,2226,10191,24365,81325,https://images.gr-assets.com/books/1363678804m/11742691.jpg,https://images.gr-assets.com/books/1363678804s/11742691.jpg
1654,12216302,12216302,17189468,19,451464400,9.78E+12,Jim Butcher,2012,Cold Days,"Cold Days (The Dresden Files, #14)",en-US,4.51,57779,66009,4146,118,504,4698,21232,39457,https://images.gr-assets.com/books/1345145377m/12216302.jpg,https://images.gr-assets.com/books/1345145377s/12216302.jpg
3358,841628,841628,13319085,18,330316117,9.78E+12,Douglas Adams,1986,"The Hitchhiker's Guide to the Galaxy: The Trilogy of Four (Hitchhiker's Guide, #1-4)",The Hitchhiker's Guide to the Galaxy: A Trilogy in Four Parts,eng,4.51,27855,29642,452,220,534,2417,7287,19184,https://s.gr-assets.com/assets/nophoto/book/111x148-bcc042a9c91a29c1d680899eff700a03.png,https://s.gr-assets.com/assets/nophoto/book/50x75-a91bf249278a81aabab721ef782c4a74.png
3554,17880708,30166117,25040765,19,,,K. Bromberg,2013,Fueled,"Fueled (Driven, #2)",eng,4.51,37667,40629,2751,249,650,3261,10372,26097,https://images.gr-assets.com/books/1375489908m/17880708.jpg,https://images.gr-assets.com/books/1375489908s/17880708.jpg
4849,5153799,5153799,5220803,9,,,J.R. Ward,2008,,"Father Mine (Black Dagger Brotherhood, #6.5)",eng,4.51,32178,32564,1222,71,442,3034,8381,20636,https://images.gr-assets.com/books/1272994722m/5153799.jpg,https://images.gr-assets.com/books/1272994722s/5153799.jpg
5405,20829994,20829994,26384073,39,,,"Rick Riordan, John Rocco",2014,Percy Jackson's Greek Gods,Percy Jackson's Greek Gods (A Percy Jackson and the Olympians Guide),eng,4.51,24718,29563,2636,159,387,2541,7679,18797,https://s.gr-assets.com/assets/nophoto/book/111x148-bcc042a9c91a29c1d680899eff700a03.png,https://s.gr-assets.com/assets/nophoto/book/50x75-a91bf249278a81aabab721ef782c4a74.png
6963,434764,434764,862892,9,1570089264,9.78E+12,Stephen E. Robinson,1992,Believing Christ: The Parable of the Bicycle and Other Good News,Believing Christ: The Parable of the Bicycle and Other Good News,eng,4.51,12951,13348,818,164,220,1010,3223,8731,https://s.gr-assets.com/assets/nophoto/book/111x148-bcc042a9c91a29c1d680899eff700a03.png,https://s.gr-assets.com/assets/nophoto/book/50x75-a91bf249278a81aabab721ef782c4a74.png
7368,17158513,17158513,23581952,20,,,C.S. Pacat,2015,Prince's Gambit,"Captive Prince: Volume Two (Captive Prince, #2)",eng,4.51,15899,22196,2897,135,352,1640,6059,14010,https://images.gr-assets.com/books/1356027904m/17158513.jpg,https://images.gr-assets.com/books/1356027904s/17158513.jpg
9923,228200,228200,9813455,26,451190564,9.78E+12,Stephen King,1996,"The Green Mile, Part 5: Night Journey","The Green Mile, Part 5: Night Journey",eng,4.51,11442,11918,111,26,122,1015,3282,7473,https://s.gr-assets.com/assets/nophoto/book/111x148-bcc042a9c91a29c1d680899eff700a03.png,https://s.gr-assets.com/assets/nophoto/book/50x75-a91bf249278a81aabab721ef782c4a74.png
175,4502507,4556058,4551489,87,739380338,9.78E+12,Rick Riordan,2009,The Last Olympian,"The Last Olympian (Percy Jackson and the Olympians, #5)",eng,4.5,397500,499510,17693,2098,6501,45208,133168,312535,https://images.gr-assets.com/books/1327924597m/4502507.jpg,https://images.gr-assets.com/books/1327924597s/4502507.jpg
769,188572,188572,7492217,301,553328255,9.78E+12,Arthur Conan Doyle,1894,The Complete Sherlock Holmes,The Complete Sherlock Holmes,eng,4.5,109754,126558,2774,471,1125,10089,37928,76945,https://images.gr-assets.com/books/1465539139m/188572.jpg,https://images.gr-assets.com/books/1465539139s/188572.jpg
1374,7743175,7743175,10558806,33,765325950,9.78E+12,"Robert Jordan, Brandon Sanderson",2012,A Memory of Light,"A Memory of Light (Wheel of Time, #14)",eng,4.5,68410,75741,4883,635,1293,5973,19274,48566,https://images.gr-assets.com/books/1336055749m/7743175.jpg,https://images.gr-assets.com/books/1336055749s/7743175.jpg
1723,11710373,11710373,16657990,39,385344430,9.78E+12,Diana Gabaldon,2014,Written in My Own Heart's Blood,"Written in My Own Heart's Blood (Outlander, #8)",eng,4.5,46663,62767,5617,336,924,5205,17069,39233,https://images.gr-assets.com/books/1365173799m/11710373.jpg,https://images.gr-assets.com/books/1365173799s/11710373.jpg
1808,18966806,18966806,26984941,42,345539842,9.78E+12,Pierce Brown,2016,Morning Star,"Morning Star (Red Rising, #3)",eng,4.5,47736,61499,6398,266,782,4880,17692,37879,https://images.gr-assets.com/books/1461354277m/18966806.jpg,https://images.gr-assets.com/books/1461354277s/18966806.jpg
6027,204041,204041,197435,26,1421502410,9.78E+12,"Masashi Kishimoto, Frances Wall",2002,NARUTO -ãƒŠãƒ«ãƒˆ- å·»ãƒŽåä¸€ ,"Naruto, Vol. 11: Impassioned Efforts (Naruto, #11)",eng,4.5,15214,15408,110,140,303,1547,3163,10255,https://images.gr-assets.com/books/1435525208m/204041.jpg,https://images.gr-assets.com/books/1435525208s/204041.jpg
6642,13490570,13490570,19029792,14,1613772270,9.78E+12,"Joe Hill, Gabriel RodrÃ­guez",2013,Clockworks,"Locke & Key, Vol. 5: Clockworks",eng,4.5,16441,17551,1067,100,252,1240,5119,10840,https://images.gr-assets.com/books/1343848792m/13490570.jpg,https://images.gr-assets.com/books/1343848792s/13490570.jpg
7203,11227043,11227043,16152938,7,,,Kristen Ashley,2011,,"Rock Chick Revenge (Rock Chick, #5)",eng,4.5,26940,27362,1531,122,357,2108,7938,16837,https://images.gr-assets.com/books/1328299988m/11227043.jpg,https://images.gr-assets.com/books/1328299988s/11227043.jpg
8641,17158532,17158532,23581990,14,174348495X,9.78E+12,C.S. Pacat,2016,Kings Rising,"Kings Rising (Captive Prince, #3)",eng,4.5,14210,17960,3003,140,340,1429,4555,11496,https://images.gr-assets.com/books/1454160767m/17158532.jpg,https://images.gr-assets.com/books/1454160767s/17158532.jpg
8663,16164271,16164271,22007627,13,1613778538,9.78E+12,"Joe Hill, Gabriel RodrÃ­guez",2014,"Locke & Key, Vol. 6: Alpha & Omega","Locke & Key, Vol. 6: Alpha & Omega",eng,4.5,14363,15068,1463,161,273,1153,3746,9735,https://images.gr-assets.com/books/1391443566m/16164271.jpg,https://images.gr-assets.com/books/1391443566s/16164271.jpg
8926,17287009,17287009,23907081,12,1250038820,9.78E+12,Brandon Stanton,2013,,Humans of New York,eng,4.5,12614,12865,1301,93,183,1102,3348,8139,https://images.gr-assets.com/books/1384184910m/17287009.jpg,https://images.gr-assets.com/books/1384184910s/17287009.jpg
9147,228198,228198,9813531,25,451190548,9.78E+12,Stephen King,1996,"The Green Mile, Part 3: Coffey's Hands","The Green Mile, Part 3: Coffey's Hands",eng,4.5,12232,12698,141,30,146,1142,3464,7916,https://s.gr-assets.com/assets/nophoto/book/111x148-bcc042a9c91a29c1d680899eff700a03.png,https://s.gr-assets.com/assets/nophoto/book/50x75-a91bf249278a81aabab721ef782c4a74.png
9842,24019187,24019187,43618137,12,1250058902,9.78E+12,Brandon Stanton,2015,Humans of New York: Stories,Humans of New York: Stories,eng,4.5,12527,12852,1210,191,211,901,3231,8318,https://images.gr-assets.com/books/1430176879m/24019187.jpg,https://images.gr-assets.com/books/1430176879s/24019187.jpg
9989,13489518,13489518,19028216,9,,2.94E+12,Quinn Loftis,2012,Out of the Dark ,"Out of the Dark (The Grey Wolves, #4)",eng,4.5,11994,13614,595,72,229,1263,3280,8770,https://images.gr-assets.com/books/1334785691m/13489518.jpg,https://images.gr-assets.com/books/1334785691s/13489518.jpg
507,7938275,7938275,11349083,78,545265355,9.78E+12,Suzanne Collins,2010,The Hunger Games Box Set,"The Hunger Games Trilogy Boxset (The Hunger Games, #1-3)",eng,4.49,129665,159760,6429,1015,2521,13438,42932,99854,https://images.gr-assets.com/books/1360094673m/7938275.jpg,https://images.gr-assets.com/books/1360094673s/7938275.jpg
752,17167166,17167166,21581860,55,1619630621,9.78E+12,Sarah J. Maas,2013,Crown of Midnight,"Crown of Midnight (Throne of Glass, #2)",en-CA,4.49,160485,184381,19450,1092,2478,14391,52781,113639,https://images.gr-assets.com/books/1391580481m/17167166.jpg,https://images.gr-assets.com/books/1391580481s/17167166.jpg
893,870,870,1959820,37,1591169208,9.78E+12,"Hiromu Arakawa, Akira Watanabe",2002,é‹¼ã®éŒ¬é‡‘è¡“å¸« 1,"Fullmetal Alchemist, Vol. 1 (Fullmetal Alchemist, #1)",eng,4.49,93990,94768,1103,972,1734,8737,21751,61574,https://s.gr-assets.com/assets/nophoto/book/111x148-bcc042a9c91a29c1d680899eff700a03.png,https://s.gr-assets.com/assets/nophoto/book/50x75-a91bf249278a81aabab721ef782c4a74.png
1353,13206900,13206900,18390887,40,312642989,9.78E+12,Marissa Meyer,2015,Winter,"Winter (The Lunar Chronicles, #4)",eng,4.49,100464,110738,17494,359,1436,9090,32666,67187,https://images.gr-assets.com/books/1470057036m/13206900.jpg,https://images.gr-assets.com/books/1470057036s/13206900.jpg
1995,768889,768889,17243368,60,6479901,9.78E+12,George R.R. Martin,2000,A Storm of Swords: Part 1 Steel and Snow,"A Storm of Swords: Steel and Snow (A Song of Ice and Fire, #3: Part 1 of 2)",eng,4.49,42072,52461,1627,147,435,4141,16561,31177,https://images.gr-assets.com/books/1353235205m/768889.jpg,https://images.gr-assets.com/books/1353235205s/768889.jpg
2209,569564,569564,3000541,828,517053616,9.78E+12,William Shakespeare,1623,The Complete Works,The Complete Works,eng,4.49,39503,46010,726,448,695,4279,10908,29680,https://images.gr-assets.com/books/1327884293m/569564.jpg,https://images.gr-assets.com/books/1327884293s/569564.jpg
2877,99110,99110,17121965,45,525467262,9.78E+12,"A.A. Milne, Ernest H. Shepard",1961,,"The Complete Tales and Poems of Winnie-the-Pooh (Winnie-the-Pooh, #1-4)",en-US,4.49,37312,38520,249,300,648,3918,8660,24994,https://s.gr-assets.com/assets/nophoto/book/111x148-bcc042a9c91a29c1d680899eff700a03.png,https://s.gr-assets.com/assets/nophoto/book/50x75-a91bf249278a81aabab721ef782c4a74.png
3885,29780253,29780253,50150838,23,385689225,9.78E+12,Trevor Noah,2016,,Born a Crime: Stories From a South African Childhood,eng,4.49,42573,53429,7736,532,556,3384,16837,32120,https://images.gr-assets.com/books/1473867911m/29780253.jpg,https://images.gr-assets.com/books/1473867911s/29780253.jpg
3953,6792458,6792458,6996712,18,1595581030,9.78E+12,Michelle Alexander,2010,The New Jim Crow: Mass Incarceration in the Age of Colorblindness,The New Jim Crow: Mass Incarceration in the Age of Colorblindness,eng,4.49,23205,27002,3438,186,432,2003,7860,16521,https://images.gr-assets.com/books/1328751532m/6792458.jpg,https://images.gr-assets.com/books/1328751532s/6792458.jpg
4869,1693617,1693617,736980,7,1570820872,9.78E+12,Don Ferguson,1994,Disney's the Lion King (Disney Classic Series),Disney's the Lion King,en-US,4.49,19553,19564,77,156,432,2182,3598,13196,https://s.gr-assets.com/assets/nophoto/book/111x148-bcc042a9c91a29c1d680899eff700a03.png,https://s.gr-assets.com/assets/nophoto/book/50x75-a91bf249278a81aabab721ef782c4a74.png
4921,11544421,11544421,16484134,12,1937007588,9.78E+12,Ilona Andrews,2013,Magic Rises,"Magic Rises (Kate Daniels, #6)",eng,4.49,29556,33573,2621,91,276,2687,10657,19862,https://images.gr-assets.com/books/1359571572m/11544421.jpg,https://images.gr-assets.com/books/1359571572s/11544421.jpg
4943,220826,220826,213828,28,9753638027,9.79E+12,Sabahattin Ali,1943,KÃ¼rk Mantolu Madonna,KÃ¼rk Mantolu Madonna,tur,4.49,19806,21803,1277,114,348,1785,6029,13527,https://images.gr-assets.com/books/1362477552m/220826.jpg,https://images.gr-assets.com/books/1362477552s/220826.jpg
5949,92227,92227,9813320,26,613096487,9.78E+12,Stephen King,1996,"The Green Mile, Part 1: The Two Dead Girls","The Green Mile, Part 1: The Two Dead Girls",eng,4.49,21917,22949,278,158,346,2156,5708,14581,https://s.gr-assets.com/assets/nophoto/book/111x148-bcc042a9c91a29c1d680899eff700a03.png,https://s.gr-assets.com/assets/nophoto/book/50x75-a91bf249278a81aabab721ef782c4a74.png
6462,13605723,13605723,19200593,21,1937053571,9.78E+12,Jennifer L. Armentrout,2013,,"Sentinel (Covenant, #5)",eng,4.49,24150,26221,2701,176,517,2285,6544,16699,https://images.gr-assets.com/books/1365509138m/13605723.jpg,https://images.gr-assets.com/books/1365509138s/13605723.jpg
6527,28862528,28862528,48637040,17,163215711X,9.78E+12,"Brian K. Vaughan, Fiona Staples",2016,"Saga, Volume Six","Saga, Vol. 6 (Saga, #6)",eng,4.49,18433,18961,2085,23,127,1334,6492,10985,https://images.gr-assets.com/books/1486028997m/28862528.jpg,https://images.gr-assets.com/books/1486028997s/28862528.jpg
6537,17722973,17722973,24790180,39,316201545,9.78E+12,"Chris Colfer, Brandon Dorman",2013,The Enchantress Returns,"The Enchantress Returns (The Land of Stories, #2)",eng,4.49,17845,19829,1676,111,300,1767,5194,12457,https://images.gr-assets.com/books/1364843824m/17722973.jpg,https://images.gr-assets.com/books/1364843824s/17722973.jpg
7435,15813668,15813668,21539864,14,1250014409,9.78E+12,Darynda Jones,2013,Fifth Grave Past the Light,"Fifth Grave Past the Light (Charley Davidson, #5)",eng,4.49,21286,24287,2410,63,230,1923,7666,14405,https://images.gr-assets.com/books/1355718001m/15813668.jpg,https://images.gr-assets.com/books/1355718001s/15813668.jpg
8518,11665750,11665750,16610933,9,,,Kristen Ashley,2011,At Peace,"At Peace (The 'Burg, #2)",en-GB,4.49,23308,23659,1744,179,377,1787,6642,14674,https://images.gr-assets.com/books/1327913073m/11665750.jpg,https://images.gr-assets.com/books/1327913073s/11665750.jpg
8680,11432,11432,2988535,27,842386882,9.78E+12,"Karen Kingsbury, Gary Smalley",2004,Reunion,"Reunion (Redemption, #5)",en-US,4.49,11105,11586,258,45,152,1098,3086,7205,https://images.gr-assets.com/books/1406506549m/11432.jpg,https://images.gr-assets.com/books/1406506549s/11432.jpg
466,659469,659469,16998382,44,345368584,9.78E+12,"Chuck Dixon, J.R.R. Tolkien, David Wenzel, Sean Deming",1989,The Hobbit,The Hobbit: Graphic Novel,eng,4.48,155338,159435,957,991,2180,14437,43107,98720,https://images.gr-assets.com/books/1374681632m/659469.jpg,https://images.gr-assets.com/books/1374681632s/659469.jpg
504,11422,11422,820210,63,1590525132,9.78E+12,Francine Rivers,1991,,Redeeming Love,eng,4.48,157506,163637,9147,2949,4277,13328,33009,110074,https://s.gr-assets.com/assets/nophoto/book/111x148-bcc042a9c91a29c1d680899eff700a03.png,https://s.gr-assets.com/assets/nophoto/book/50x75-a91bf249278a81aabab721ef782c4a74.png
607,8755785,8755785,13629068,7,1481426303,9.78E+12,Cassandra Clare,2014,City of Heavenly Fire,"City of Heavenly Fire (The Mortal Instruments, #6)",eng,4.48,177796,203325,19582,1683,4287,18763,49304,129288,https://images.gr-assets.com/books/1460477794m/8755785.jpg,https://images.gr-assets.com/books/1460477794s/8755785.jpg
2001,7952502,7952502,11580916,24,61997811,9.78E+12,Brian Sibley,2010,Harry Potter: Film Wizardry,Harry Potter: Film Wizardry,eng,4.48,45081,46063,526,1058,984,4017,8553,31451,https://images.gr-assets.com/books/1464452934m/7952502.jpg,https://images.gr-assets.com/books/1464452934s/7952502.jpg
2629,18243700,18243700,25691778,26,1408852594,9.78E+12,Sarah J. Maas,2014,The Assassin's Blade,"The Assassin's Blade (Throne of Glass, #0.1-0.5)",eng,4.48,53227,62872,7538,288,731,5143,19194,37516,https://images.gr-assets.com/books/1384362444m/18243700.jpg,https://images.gr-assets.com/books/1384362444s/18243700.jpg
3282,12962439,12962439,18120108,25,044042321X,9.78E+12,"Daniel Abraham, George R.R. Martin, Tommy Patterson",2011,A Game of Thrones - The Graphic Novel Volume 1,"A Game of Thrones: The Graphic Novel, Vol. 1",eng,4.48,25533,26951,808,244,484,2292,7087,16844,https://images.gr-assets.com/books/1369052110m/12962439.jpg,https://images.gr-assets.com/books/1369052110s/12962439.jpg
3396,25103,25103,1009277,30,1563891700,9.78E+12,"Neil Gaiman, Mike Allred, Gary Amaro, Mark Buckingham, David Giordano, Tony Harris, Steve Leialoha, Vince Locke, Shea Anton Pensa, Alec Stevens, Bryan Talbot, John Watkiss, Todd Klein, Michael Zulli, Stephen King",1995,The Sandman: Worlds' End,Worlds' End (The Sandman #8),eng,4.48,32362,35957,779,91,370,3255,10821,21420,https://images.gr-assets.com/books/1339922260m/25103.jpg,https://images.gr-assets.com/books/1339922260s/25103.jpg
4599,8069828,8069828,12770588,16,1423144333,9.78E+12,Cinda Williams Chima,2012,The Crimson Crown,"The Crimson Crown (Seven Realms, #4)",eng,4.48,27279,28763,2208,216,415,2352,8063,17717,https://images.gr-assets.com/books/1345041697m/8069828.jpg,https://images.gr-assets.com/books/1345041697s/8069828.jpg
6055,91203,91203,2784253,102,449912426,9.78E+12,Erich Maria Remarque,1936,Drei Kameraden,Three Comrades,eng,4.48,14321,16925,420,93,302,1541,4513,10476,https://images.gr-assets.com/books/1320543184m/91203.jpg,https://images.gr-assets.com/books/1320543184s/91203.jpg
6224,11873368,11873368,16831098,9,545425123,9.78E+12,Kate Egan,2012,,The World of the Hunger Games (Hunger Games Trilogy),en-US,4.48,15060,15335,239,178,379,1645,2808,10325,https://images.gr-assets.com/books/1327937151m/11873368.jpg,https://images.gr-assets.com/books/1327937151s/11873368.jpg
7799,6867952,6867952,7083417,14,316084255,9.78E+12,"Yana Toboso, Tomo Kimura",2007,é»’åŸ·äº‹ II [Kuroshitsuji II],"Black Butler, Vol. 2 (Black Butler, #2)",eng,4.48,15194,15713,314,127,279,1547,3675,10085,https://images.gr-assets.com/books/1403792460m/6867952.jpg,https://images.gr-assets.com/books/1403792460s/6867952.jpg
8286,101255,101255,1164036,22,684800012,9.78E+12,Harold McGee,1984,On Food and Cooking: The Science and Lore of the Kitchen,On Food and Cooking: The Science and Lore of the Kitchen,en-US,4.48,10631,11136,438,97,172,991,2883,6993,https://s.gr-assets.com/assets/nophoto/book/111x148-bcc042a9c91a29c1d680899eff700a03.png,https://s.gr-assets.com/assets/nophoto/book/50x75-a91bf249278a81aabab721ef782c4a74.png
8362,25852784,25852784,45720714,16,553447432,9.78E+12,Matthew Desmond,2016,Evicted: Poverty and Profit in the American City,Evicted: Poverty and Profit in the American City,eng,4.48,15165,17326,3019,98,251,1329,5234,10414,https://images.gr-assets.com/books/1453060710m/25852784.jpg,https://images.gr-assets.com/books/1453060710s/25852784.jpg
8622,13363270,13363270,18591913,8,,,Quinn Loftis,2012,Just One Drop,"Just One Drop (The Grey Wolves, #3)",en-GB,4.48,15606,15748,723,96,278,1537,3827,10010,https://images.gr-assets.com/books/1325565121m/13363270.jpg,https://images.gr-assets.com/books/1325565121s/13363270.jpg
8700,1275105,1275105,3260020,59,606300538,9.78E+12,Charles M. Schulz,1965,A Charlie Brown Christmas ,A Charlie Brown Christmas,,4.48,11639,13889,241,226,295,1401,2629,9338,https://s.gr-assets.com/assets/nophoto/book/111x148-bcc042a9c91a29c1d680899eff700a03.png,https://s.gr-assets.com/assets/nophoto/book/50x75-a91bf249278a81aabab721ef782c4a74.png
8831,100322,100322,943760,20,1556520743,9.78E+12,"Assata Shakur, Angela Y. Davis, Lennox S. Hinds",1987,Assata: An Autobiography,Assata: An Autobiography,eng,4.48,10518,10731,572,143,217,880,2636,6855,https://images.gr-assets.com/books/1328857268m/100322.jpg,https://images.gr-assets.com/books/1328857268s/100322.jpg
9725,17950614,17950614,25166874,21,,,Neal Shusterman,2014,UnDivided,"UnDivided (Unwind, #4)",eng,4.48,11403,13031,1833,47,133,1076,3981,7794,https://images.gr-assets.com/books/1392097377m/17950614.jpg,https://images.gr-assets.com/books/1392097377s/17950614.jpg
9774,8113344,8113344,12908561,29,7325983,9.78E+12,Derek Landy,2010,Mortal Coil,"Mortal Coil (Skulduggery Pleasant, #5)",eng,4.48,10972,12063,494,49,133,1069,3544,7268,https://images.gr-assets.com/books/1442456495m/8113344.jpg,https://images.gr-assets.com/books/1442456495s/8113344.jpg
189,33,33,3462456,380,618640150,9.78E+12,J.R.R. Tolkien,1955,The Lord of the Rings,"The Lord of the Rings (The Lord of the Rings, #1-3)",eng,4.47,389054,436346,9365,4807,9577,37552,106818,277592,https://images.gr-assets.com/books/1411114164m/33.jpg,https://images.gr-assets.com/books/1411114164s/33.jpg
428,12127750,12127750,17115055,65,1423140605,9.78E+12,Rick Riordan,2012,The Mark of Athena,"The Mark of Athena (The Heroes of Olympus, #3)",eng,4.47,277491,293586,13332,2771,4480,26318,77876,182141,https://images.gr-assets.com/books/1464201354m/12127750.jpg,https://images.gr-assets.com/books/1464201354s/12127750.jpg
757,256008,256008,3281465,57,067168390X,9.78E+12,Larry McMurtry,1985,Lonesome Dove,Lonesome Dove,en-US,4.47,111498,116430,5343,1080,2179,10686,29526,72959,https://images.gr-assets.com/books/1378573063m/256008.jpg,https://images.gr-assets.com/books/1378573063s/256008.jpg
1342,47989,47989,1712283,62,055215430X,9.78E+12,Terry Pratchett,2002,Night Watch,"Night Watch (Discworld, #29; City Watch, #6)",eng,4.47,71271,79117,1670,232,724,7113,24480,46568,https://images.gr-assets.com/books/1320518310m/47989.jpg,https://images.gr-assets.com/books/1320518310s/47989.jpg
1905,13569581,13569581,19148922,44,,,Anthony  Ryan,2011,Blood Song,"Blood Song (Raven's Shadow, #1)",eng,4.47,44014,51900,3061,275,813,4039,15966,30807,https://images.gr-assets.com/books/1421573407m/13569581.jpg,https://images.gr-assets.com/books/1421573407s/13569581.jpg
2194,25494343,25494343,19104294,64,1442468351,9.78E+12,Cassandra Clare,2016,Lady Midnight,"Lady Midnight (The Dark Artifices, #1)",eng,4.47,84711,93259,12298,1511,1870,7629,22675,59574,https://images.gr-assets.com/books/1460477682m/25494343.jpg,https://images.gr-assets.com/books/1460477682s/25494343.jpg
2222,3412815,3412815,3453075,13,1595547169,9.78E+12,Eric Wilson,2008,Fireproof,Fireproof,en-US,4.47,37258,37588,466,339,692,3702,9222,23633,https://s.gr-assets.com/assets/nophoto/book/111x148-bcc042a9c91a29c1d680899eff700a03.png,https://s.gr-assets.com/assets/nophoto/book/50x75-a91bf249278a81aabab721ef782c4a74.png
2613,22738563,22738563,42278179,49,,,Chimamanda Ngozi Adichie,2014,We Should All Be Feminists,We Should All Be Feminists,eng,4.47,46048,58660,7218,349,769,4862,17453,35227,https://images.gr-assets.com/books/1430821222m/22738563.jpg,https://images.gr-assets.com/books/1430821222s/22738563.jpg
3124,426504,426504,1007116,135,802130305,9.78E+12,"Jorge Luis Borges, Anthony Kerrigan, Anthony Bonner",1944,Ficciones,Ficciones,en-US,4.47,28657,34337,1561,265,750,3053,8890,21379,https://images.gr-assets.com/books/1388197956m/426504.jpg,https://images.gr-assets.com/books/1388197956s/426504.jpg
3191,23093367,23093367,42643523,23,1632150778,9.78E+12,"Brian K. Vaughan, Fiona Staples",2014,"Saga, Volume Four","Saga, Vol. 4 (Saga, #4)",eng,4.47,38069,38963,3198,166,368,2986,12932,22511,https://images.gr-assets.com/books/1486028981m/23093367.jpg,https://images.gr-assets.com/books/1486028981s/23093367.jpg
3479,106393,106393,1241552,21,1416521690,9.78E+12,Sister Souljah,1999,The Coldest Winter Ever,The Coldest Winter Ever,en-US,4.47,23737,25276,1880,311,657,2282,5552,16474,https://s.gr-assets.com/assets/nophoto/book/111x148-bcc042a9c91a29c1d680899eff700a03.png,https://s.gr-assets.com/assets/nophoto/book/50x75-a91bf249278a81aabab721ef782c4a74.png
3926,7098304,7098304,7355830,25,1439123128,9.78E+12,Kresley Cole,2010,Demon From the Dark ,Demon from the Dark (Immortals After Dark #10),eng,4.47,34257,36412,1257,142,518,3305,10591,21856,https://images.gr-assets.com/books/1357611692m/7098304.jpg,https://images.gr-assets.com/books/1357611692s/7098304.jpg
4432,1894269,1894269,1895743,21,1582408831,9.78E+12,Robert Kirkman,2008,"The Walking Dead, Vol. 8: Made To Suffer","The Walking Dead, Vol. 08: Made to Suffer",eng,4.47,22017,22799,776,118,323,2007,6660,13691,https://images.gr-assets.com/books/1266634689m/1894269.jpg,https://images.gr-assets.com/books/1266634689s/1894269.jpg
5071,1013383,1013383,999507,41,333710932,9.78E+12,"Julia Donaldson, Axel Scheffler",1999,The Gruffalo,The Gruffalo,eng,4.47,19609,21214,1083,173,431,2028,5211,13371,https://images.gr-assets.com/books/1329674496m/1013383.jpg,https://images.gr-assets.com/books/1329674496s/1013383.jpg
5682,906560,906560,603136,33,515089931,9.78E+12,Corrie ten Boom,1974,Tramp for the Lord,Tramp for the Lord,,4.47,16680,16977,309,117,262,1717,4353,10528,https://s.gr-assets.com/assets/nophoto/book/111x148-bcc042a9c91a29c1d680899eff700a03.png,https://s.gr-assets.com/assets/nophoto/book/50x75-a91bf249278a81aabab721ef782c4a74.png
6659,26200563,26200563,46177490,12,1455539740,9.78E+12,"Lin-Manuel Miranda, Jeremy McCarter",2016,Hamilton: The Revolution,Hamilton: The Revolution,eng,4.47,24800,25565,3339,693,530,1834,5496,17012,https://images.gr-assets.com/books/1451400644m/26200563.jpg,https://images.gr-assets.com/books/1451400644s/26200563.jpg
7101,17333171,17333171,24064353,16,042527067X,9.78E+12,Ilona Andrews,2015,Magic Shifts,"Magic Shifts (Kate Daniels, #8)",eng,4.47,16363,20829,1808,41,156,1727,6946,11959,https://images.gr-assets.com/books/1414091260m/17333171.jpg,https://images.gr-assets.com/books/1414091260s/17333171.jpg
7324,8269450,8269450,13117562,13,385670516,9.78E+12,Kelley Armstrong,2009,"Darkest Powers Trilogy (Darkest Powers, #1-3)","Darkest Powers Trilogy (Darkest Powers, #1-3)",eng,4.47,14473,14657,224,142,306,1455,3355,9399,https://images.gr-assets.com/books/1411868332m/8269450.jpg,https://images.gr-assets.com/books/1411868332s/8269450.jpg
7689,1298171,1298171,1287327,21,1591827582,9.78E+12,"Andrew Stanton, Walt Disney Company",1996,Finding Nemo,Finding Nemo,,4.47,12160,12210,51,102,310,1412,2323,8063,https://s.gr-assets.com/assets/nophoto/book/111x148-bcc042a9c91a29c1d680899eff700a03.png,https://s.gr-assets.com/assets/nophoto/book/50x75-a91bf249278a81aabab721ef782c4a74.png
8408,8712343,8712343,13585210,24,575100133,9.78E+12,Nalini Singh,2011,,Kiss of Snow (Psy-Changeling #10),eng,4.47,18759,22212,1589,127,338,2057,6237,13453,https://images.gr-assets.com/books/1417116892m/8712343.jpg,https://images.gr-assets.com/books/1417116892s/8712343.jpg
8829,228194,228194,9813429,25,451190521,9.78E+12,Stephen King,1996,"The Green Mile, Part 2: The Mouse on the Mile","The Green Mile, Part 2: The Mouse on the Mile",eng,4.47,11985,12569,165,35,156,1220,3561,7597,https://s.gr-assets.com/assets/nophoto/book/111x148-bcc042a9c91a29c1d680899eff700a03.png,https://s.gr-assets.com/assets/nophoto/book/50x75-a91bf249278a81aabab721ef782c4a74.png
8991,18110808,18110808,25435355,9,,,Tijan,2013,,"Fallen Crest Public (Fallen Crest High, #3)",eng,4.47,15319,17978,1029,96,274,1570,5123,10915,https://images.gr-assets.com/books/1383257344m/18110808.jpg,https://images.gr-assets.com/books/1383257344s/18110808.jpg
21,2,2,2809203,307,439358078,9.78E+12,"J.K. Rowling, Mary GrandPrÃ©",2003,Harry Potter and the Order of the Phoenix,"Harry Potter and the Order of the Phoenix (Harry Potter, #5)",eng,4.46,1735368,1840548,28685,9528,31577,180210,494427,1124806,https://images.gr-assets.com/books/1387141547m/2.jpg,https://images.gr-assets.com/books/1387141547s/2.jpg
351,10025305,10025305,6674845,99,1416975888,9.78E+12,Cassandra Clare,2011,Clockwork Prince,"Clockwork Prince (The Infernal Devices, #2)",eng,4.46,307994,328019,17854,3420,6235,29508,85633,203223,https://images.gr-assets.com/books/1460477747m/10025305.jpg,https://images.gr-assets.com/books/1460477747s/10025305.jpg
603,2767793,2767793,2793516,63,765316897,9.78E+12,Brandon Sanderson,2008,The Hero of Ages,"The Hero of Ages (Mistborn, #3)",eng,4.46,143622,161085,9111,596,2257,14291,49628,94313,https://images.gr-assets.com/books/1480717763m/2767793.jpg,https://images.gr-assets.com/books/1480717763s/2767793.jpg
774,13206828,13206828,18390772,51,312642970,9.78E+12,Marissa Meyer,2014,Cress,"Cress (The Lunar Chronicles, #3)",eng,4.46,162069,177466,20055,866,2056,14772,56494,103278,https://images.gr-assets.com/books/1470057005m/13206828.jpg,https://images.gr-assets.com/books/1470057005s/13206828.jpg
1320,3586,3586,6658413,117,1593082045,9.78E+12,"Arthur Conan Doyle, Kyle Freeman",1914,"Sherlock Holmes: The Complete Novels and Stories, Vol 2","The Complete Sherlock Holmes, Vol 2",,4.46,66857,71825,328,463,1077,7005,19926,43354,https://images.gr-assets.com/books/1347663158m/3586.jpg,https://images.gr-assets.com/books/1347663158s/3586.jpg
1341,18966819,18966819,26984955,63,345539826,9.78E+12,Pierce Brown,2015,Golden Son,"Golden Son (Red Rising, #2)",eng,4.46,57614,79535,7737,338,1069,6783,25147,46198,https://images.gr-assets.com/books/1394684475m/18966819.jpg,https://images.gr-assets.com/books/1394684475s/18966819.jpg
1668,23437156,23437156,42077459,48,1627792120,9.78E+12,Leigh Bardugo,2015,Six of Crows,"Six of Crows (Six of Crows, #1)",eng,4.46,90202,101264,17068,1100,1725,7886,29552,61001,https://images.gr-assets.com/books/1500689111m/23437156.jpg,https://images.gr-assets.com/books/1500689111s/23437156.jpg
1901,7304203,7304203,6967072,37,385341679,9.78E+12,Karen Marie Moning,2011,Shadowfever,"Shadowfever (Fever, #5)",en-US,4.46,73030,79297,6025,1175,1695,6734,19798,49895,https://s.gr-assets.com/assets/nophoto/book/111x148-bcc042a9c91a29c1d680899eff700a03.png,https://s.gr-assets.com/assets/nophoto/book/50x75-a91bf249278a81aabab721ef782c4a74.png
2272,7822895,7822895,6814263,41,307594777,9.78E+12,"Stieg Larsson, Reg Keeland",2005,"MÃ¤n som hatar kvinnor, Flickan som lekte med elden, Luftslottet som sprÃ¤ngdes","The Millennium Trilogy (Millennium Trilogy, #1-3)",eng,4.46,29944,38916,1702,293,546,2971,12123,22983,https://s.gr-assets.com/assets/nophoto/book/111x148-bcc042a9c91a29c1d680899eff700a03.png,https://s.gr-assets.com/assets/nophoto/book/50x75-a91bf249278a81aabab721ef782c4a74.png
2998,6479550,6479550,6670775,26,441018521,9.78E+12,Ilona Andrews,2010,Magic Bleeds,"Magic Bleeds (Kate Daniels, #4)",eng,4.46,50637,54376,2463,255,581,4663,17244,31633,https://images.gr-assets.com/books/1407110429m/6479550.jpg,https://images.gr-assets.com/books/1407110429s/6479550.jpg
3534,12652457,12652457,17766175,25,,,Brent Weeks,2014,The Broken Eye,"The Broken Eye (Lightbringer, #3)",eng,4.46,27754,30003,1401,77,328,2288,10202,17108,https://images.gr-assets.com/books/1376583941m/12652457.jpg,https://images.gr-assets.com/books/1376583941s/12652457.jpg
